61.56.119.117,0,/etiam/justo/etiam/pretium/iaculis.xml
53.170.33.192,307,/vestibulum/ante/ipsum/primis/in.json
51.21.134.251,2367,/mauris/morbi/non.jpg
51.21.134.251,5497,/mauris/morbi/oui.jpg
51.21.134.251,10455,/mauris/morbi/mais.jpg
53.170.33.192,11277,/vestibulum/ante/ipsum/primis/out.json
51.21.134.251,15695,/mauris/morbi/jamais.jpg
53.170.33.192,35487,/vestibulum/ante/ipsum/hash/up.html
53.170.33.192,44487,/vestibulum/ante/ipsum/hash/down.html
61.56.119.117,109900,/etiam/justo/etiam/pretium/forn.xml
53.170.33.192,284267,/vestibulum/ante/ipsum/hash/right.html
53.170.33.192,336507,/vestibulum/ante/ipsum/hash/left.html
53.170.33.192,417307,/vestibulum/ante/ipsum/hash/behind.html
51.21.134.251,513055,/mauris/morbi/mais.jpg
53.170.33.192,653307,/vestibulum/ante/ipsum/hash/front.html
61.56.119.117,859890,/etiam/justo/etiam/pretium/fire.xml
61.56.119.117,864890,/etiam/justo/etiam/pretium/water.xml
61.56.119.117,865974,/etiam/justo/etiam/pretium/metal.xml
61.56.119.117,870005,/etiam/justo/etiam/pretium/stone.xml
51.21.134.251,883055,/mauris/morbi/autre.jpg
51.21.134.251,890265,/mauris/morbi/false.jpg
53.170.33.192,926557,/vestibulum/ante/ipsum/hash/base.html
51.21.134.251,1180669,/mauris/morbi/true.jpg
61.56.119.117,1219665,/etiam/justo/etiam/pretium/air.xml
61.56.119.117,1319325,/etiam/justo/etiam/pretium/mountain.xml
61.56.119.117,1587616,/etiam/justo/etiam/pretium/river.xml